experiment,method,algorithm,noise,target_snr_db,achieved_snr_db,seed,image,image_height,image_width,polynomial_order,n,h,common_pad,roi_height,roi_width,matched_clean_gradient_RMSE,hog_relative_error,cosine_similarity,runtime,runtime_trial_1,runtime_trial_2,runtime_trial_3,runtime_repeats,iteration_count,final_residual,converged,noise_sha256,hog_normalization,robust_hog,robust_weighting,robust_delta,robust_window,visualization_percentile,tol,max_iter,init_sigma,runtime_definition
gaussian_parameter_sensitivity,Direct squared loss,1,Gaussian SNR 30 dB,30,29.9753214656,42,Images/cameraman.png,256,256,3,4,1,16,224,224,2.0229766375,0.270436914895,0.963431937532,0.226227200008,0.224413400007,0.226227200008,0.227546599999,3,1,4.719286312,true,6ac9fb9a8cd662d8e84836c9800c96a2f55d7872b509b933d3860fb85d121f0f,L2-Hys,true,huber,2,5,95,0.001,500,,median of 3 noisy gradient-plus-HOG runs; solver setup and clean-reference computation excluded
gaussian_parameter_sensitivity,Direct squared loss,1,Gaussian SNR 30 dB,30,29.9753214656,42,Images/cameraman.png,256,256,3,8,1,16,224,224,0.706531476502,0.238930206179,0.971456178288,0.234706300005,0.234430899989,0.234706300005,0.242421800009,3,1,11.9730701302,true,6ac9fb9a8cd662d8e84836c9800c96a2f55d7872b509b933d3860fb85d121f0f,L2-Hys,true,huber,2,5,95,0.001,500,,median of 3 noisy gradient-plus-HOG runs; solver setup and clean-reference computation excluded
gaussian_parameter_sensitivity,Direct squared loss,1,Gaussian SNR 30 dB,30,29.9753214656,42,Images/cameraman.png,256,256,3,16,1,16,224,224,0.25919456024,0.22070503207,0.97564464441,0.255851499998,0.256060200001,0.253144199989,0.255851499998,3,1,18.9668699219,true,6ac9fb9a8cd662d8e84836c9800c96a2f55d7872b509b933d3860fb85d121f0f,L2-Hys,true,huber,2,5,95,0.001,500,,median of 3 noisy gradient-plus-HOG runs; solver setup and clean-reference computation excluded
gaussian_parameter_sensitivity,Direct squared loss,1,Gaussian SNR 30 dB,30,29.9753214656,42,Images/cameraman.png,256,256,3,32,1,16,224,224,0.0953559363343,0.180449548345,0.983718980251,0.307268699995,0.309218800001,0.305151099994,0.307268699995,3,1,27.0429485655,true,6ac9fb9a8cd662d8e84836c9800c96a2f55d7872b509b933d3860fb85d121f0f,L2-Hys,true,huber,2,5,95,0.001,500,,median of 3 noisy gradient-plus-HOG runs; solver setup and clean-reference computation excluded
gaussian_parameter_sensitivity,Direct squared loss,1,Gaussian SNR 30 dB,30,29.9753214656,42,Images/cameraman.png,256,256,3,8,2,16,224,224,0.350621883709,0.234353400781,0.972539241771,0.233415199997,0.233415199997,0.235445700004,0.233153499998,3,1,19.4774172181,true,6ac9fb9a8cd662d8e84836c9800c96a2f55d7872b509b933d3860fb85d121f0f,L2-Hys,true,huber,2,5,95,0.001,500,,median of 3 noisy gradient-plus-HOG runs; solver setup and clean-reference computation excluded
gaussian_parameter_sensitivity,Direct squared loss,1,Gaussian SNR 30 dB,30,29.9753214656,42,Images/cameraman.png,256,256,3,8,3,16,224,224,0.232285828342,0.224624347082,0.974771951349,0.234495700002,0.234495700002,0.244334699993,0.2295017,3,1,23.9069021523,true,6ac9fb9a8cd662d8e84836c9800c96a2f55d7872b509b933d3860fb85d121f0f,L2-Hys,true,huber,2,5,95,0.001,500,,median of 3 noisy gradient-plus-HOG runs; solver setup and clean-reference computation excluded
gaussian_parameter_sensitivity,Direct squared loss,1,Gaussian SNR 30 dB,30,29.9753214656,42,Images/cameraman.png,256,256,3,8,4,16,224,224,0.175642273603,0.211953937208,0.977537764251,0.225848400005,0.226999599996,0.225079900003,0.225848400005,3,1,27.4932939893,true,6ac9fb9a8cd662d8e84836c9800c96a2f55d7872b509b933d3860fb85d121f0f,L2-Hys,true,huber,2,5,95,0.001,500,,median of 3 noisy gradient-plus-HOG runs; solver setup and clean-reference computation excluded
gaussian_parameter_sensitivity,Iterative squared loss,2,Gaussian SNR 30 dB,30,29.9753214656,42,Images/cameraman.png,256,256,3,4,1,16,224,224,2.20240640699,0.271489357283,0.963146764441,0.660192700001,0.659773699997,0.660192700001,0.67012689999,3,29,4.76169003802,true,6ac9fb9a8cd662d8e84836c9800c96a2f55d7872b509b933d3860fb85d121f0f,L2-Hys,true,huber,2,5,95,0.001,500,,median of 3 noisy gradient-plus-HOG runs; solver setup and clean-reference computation excluded
gaussian_parameter_sensitivity,Iterative squared loss,2,Gaussian SNR 30 dB,30,29.9753214656,42,Images/cameraman.png,256,256,3,8,1,16,224,224,0.685746465074,0.23857618074,0.971540702992,0.960162600008,1.0405206,0.960162600008,0.95372260001,3,41,11.976652549,true,6ac9fb9a8cd662d8e84836c9800c96a2f55d7872b509b933d3860fb85d121f0f,L2-Hys,true,huber,2,5,95,0.001,500,,median of 3 noisy gradient-plus-HOG runs; solver setup and clean-reference computation excluded
gaussian_parameter_sensitivity,Iterative squared loss,2,Gaussian SNR 30 dB,30,29.9753214656,42,Images/cameraman.png,256,256,3,16,1,16,224,224,0.251787960409,0.220610358791,0.975665534797,1.0400408,1.0400408,1.0295944,1.04148869999,3,39,18.9702300041,true,6ac9fb9a8cd662d8e84836c9800c96a2f55d7872b509b933d3860fb85d121f0f,L2-Hys,true,huber,2,5,95,0.001,500,,median of 3 noisy gradient-plus-HOG runs; solver setup and clean-reference computation excluded
gaussian_parameter_sensitivity,Iterative squared loss,2,Gaussian SNR 30 dB,30,29.9753214656,42,Images/cameraman.png,256,256,3,32,1,16,224,224,0.092679505599,0.17964705538,0.983863467747,1.4423751,1.4423751,1.456556,1.42974989999,3,39,27.0464031875,true,6ac9fb9a8cd662d8e84836c9800c96a2f55d7872b509b933d3860fb85d121f0f,L2-Hys,true,huber,2,5,95,0.001,500,,median of 3 noisy gradient-plus-HOG runs; solver setup and clean-reference computation excluded
gaussian_parameter_sensitivity,Iterative squared loss,2,Gaussian SNR 30 dB,30,29.9753214656,42,Images/cameraman.png,256,256,3,8,2,16,224,224,0.340317376094,0.234648362471,0.972470072995,0.859611599997,0.883356799997,0.859611599997,0.858553600003,3,41,19.4812422868,true,6ac9fb9a8cd662d8e84836c9800c96a2f55d7872b509b933d3860fb85d121f0f,L2-Hys,true,huber,2,5,95,0.001,500,,median of 3 noisy gradient-plus-HOG runs; solver setup and clean-reference computation excluded
gaussian_parameter_sensitivity,Iterative squared loss,2,Gaussian SNR 30 dB,30,29.9753214656,42,Images/cameraman.png,256,256,3,8,3,16,224,224,0.225402261114,0.224431870352,0.974815167785,0.835807299998,0.835807299998,0.852850200012,0.823357600006,3,41,23.9112267015,true,6ac9fb9a8cd662d8e84836c9800c96a2f55d7872b509b933d3860fb85d121f0f,L2-Hys,true,huber,2,5,95,0.001,500,,median of 3 noisy gradient-plus-HOG runs; solver setup and clean-reference computation excluded
gaussian_parameter_sensitivity,Iterative squared loss,2,Gaussian SNR 30 dB,30,29.9753214656,42,Images/cameraman.png,256,256,3,8,4,16,224,224,0.170492050487,0.211875687193,0.977554346589,0.787461100001,0.797238599989,0.7765488,0.787461100001,3,41,27.4977265484,true,6ac9fb9a8cd662d8e84836c9800c96a2f55d7872b509b933d3860fb85d121f0f,L2-Hys,true,huber,2,5,95,0.001,500,,median of 3 noisy gradient-plus-HOG runs; solver setup and clean-reference computation excluded
gaussian_parameter_sensitivity,Correntropy loss,3,Gaussian SNR 30 dB,30,29.9753214656,42,Images/cameraman.png,256,256,3,4,1,16,224,224,2.02297663664,0.270436914889,0.963431937533,0.43272669999,0.431526400003,0.434183599995,0.43272669999,3,3,4.72024703497,true,6ac9fb9a8cd662d8e84836c9800c96a2f55d7872b509b933d3860fb85d121f0f,L2-Hys,true,huber,2,5,95,0.001,500,,median of 3 noisy gradient-plus-HOG runs; solver setup and clean-reference computation excluded
gaussian_parameter_sensitivity,Correntropy loss,3,Gaussian SNR 30 dB,30,29.9753214656,42,Images/cameraman.png,256,256,3,8,1,16,224,224,1.16926037112,0.245310366842,0.96991141196,12.6096555,12.7306795,12.5096493,12.6096555,3,184,12.1030302287,true,6ac9fb9a8cd662d8e84836c9800c96a2f55d7872b509b933d3860fb85d121f0f,L2-Hys,true,huber,2,5,95,0.001,500,,median of 3 noisy gradient-plus-HOG runs; solver setup and clean-reference computation excluded
gaussian_parameter_sensitivity,Correntropy loss,3,Gaussian SNR 30 dB,30,29.9753214656,42,Images/cameraman.png,256,256,3,16,1,16,224,224,0.454383291303,0.23392313355,0.972639983795,15.6587405,15.6587405,15.6449873,16.5034092,3,179,19.6315412947,true,6ac9fb9a8cd662d8e84836c9800c96a2f55d7872b509b933d3860fb85d121f0f,L2-Hys,true,huber,2,5,95,0.001,500,,median of 3 noisy gradient-plus-HOG runs; solver setup and clean-reference computation excluded
gaussian_parameter_sensitivity,Correntropy loss,3,Gaussian SNR 30 dB,30,29.9753214656,42,Images/cameraman.png,256,256,3,32,1,16,224,224,0.215957674182,0.205898746415,0.978802853113,18.6595909,18.2962358,18.6595909,19.366536,3,149,27.8583154253,true,6ac9fb9a8cd662d8e84836c9800c96a2f55d7872b509b933d3860fb85d121f0f,L2-Hys,true,huber,2,5,95,0.001,500,,median of 3 noisy gradient-plus-HOG runs; solver setup and clean-reference computation excluded
gaussian_parameter_sensitivity,Correntropy loss,3,Gaussian SNR 30 dB,30,29.9753214656,42,Images/cameraman.png,256,256,3,8,2,16,224,224,0.866514075281,0.243852449109,0.970267991532,11.4896372,11.4896372,11.3004809,11.6342499,3,194,19.8456091655,true,6ac9fb9a8cd662d8e84836c9800c96a2f55d7872b509b933d3860fb85d121f0f,L2-Hys,true,huber,2,5,95,0.001,500,,median of 3 noisy gradient-plus-HOG runs; solver setup and clean-reference computation excluded
gaussian_parameter_sensitivity,Correntropy loss,3,Gaussian SNR 30 dB,30,29.9753214656,42,Images/cameraman.png,256,256,3,8,3,16,224,224,0.581969882822,0.236950090826,0.971927327229,11.0261733,11.0261733,11.2552798,10.7065522,3,177,24.3397666042,true,6ac9fb9a8cd662d8e84836c9800c96a2f55d7872b509b933d3860fb85d121f0f,L2-Hys,true,huber,2,5,95,0.001,500,,median of 3 noisy gradient-plus-HOG runs; solver setup and clean-reference computation excluded
gaussian_parameter_sensitivity,Correntropy loss,3,Gaussian SNR 30 dB,30,29.9753214656,42,Images/cameraman.png,256,256,3,8,4,16,224,224,0.480672469738,0.223080584853,0.975117526331,12.8799667,12.8282313,13.2407302,12.8799667,3,245,28.0276268145,true,6ac9fb9a8cd662d8e84836c9800c96a2f55d7872b509b933d3860fb85d121f0f,L2-Hys,true,huber,2,5,95,0.001,500,,median of 3 noisy gradient-plus-HOG runs; solver setup and clean-reference computation excluded
gaussian_parameter_sensitivity,Direct squared loss,1,Gaussian SNR 20 dB,20,19.9753214656,42,Images/cameraman.png,256,256,3,4,1,16,224,224,7.07730707588,0.389503878682,0.924143364248,0.221600399993,0.222277600013,0.219426199998,0.221600399993,3,1,6.50345048384,true,1242730848b41dfb506e3589900c06a5220280ed9afa6de7c9115c36ab22cb7f,L2-Hys,true,huber,2,5,95,0.001,500,,median of 3 noisy gradient-plus-HOG runs; solver setup and clean-reference computation excluded
gaussian_parameter_sensitivity,Direct squared loss,1,Gaussian SNR 20 dB,20,19.9753214656,42,Images/cameraman.png,256,256,3,8,1,16,224,224,2.4132671985,0.352656236648,0.937816789378,0.225595299999,0.226259099989,0.225595299999,0.224131399998,3,1,13.4801028786,true,1242730848b41dfb506e3589900c06a5220280ed9afa6de7c9115c36ab22cb7f,L2-Hys,true,huber,2,5,95,0.001,500,,median of 3 noisy gradient-plus-HOG runs; solver setup and clean-reference computation excluded
gaussian_parameter_sensitivity,Direct squared loss,1,Gaussian SNR 20 dB,20,19.9753214656,42,Images/cameraman.png,256,256,3,16,1,16,224,224,0.85866377831,0.363522476907,0.933925704393,0.254007299998,0.251332899992,0.254007299998,0.260971200012,3,1,20.19064126,true,1242730848b41dfb506e3589900c06a5220280ed9afa6de7c9115c36ab22cb7f,L2-Hys,true,huber,2,5,95,0.001,500,,median of 3 noisy gradient-plus-HOG runs; solver setup and clean-reference computation excluded
gaussian_parameter_sensitivity,Direct squared loss,1,Gaussian SNR 20 dB,20,19.9753214656,42,Images/cameraman.png,256,256,3,32,1,16,224,224,0.302482850826,0.367077846097,0.932626927454,0.304703200003,0.305737100003,0.3011539,0.304703200003,3,1,28.0121719729,true,1242730848b41dfb506e3589900c06a5220280ed9afa6de7c9115c36ab22cb7f,L2-Hys,true,huber,2,5,95,0.001,500,,median of 3 noisy gradient-plus-HOG runs; solver setup and clean-reference computation excluded
gaussian_parameter_sensitivity,Direct squared loss,1,Gaussian SNR 20 dB,20,19.9753214656,42,Images/cameraman.png,256,256,3,8,2,16,224,224,1.17941955841,0.371639773755,0.930941939283,0.2287564,0.228958899999,0.2287564,0.225756200001,3,1,20.451977079,true,1242730848b41dfb506e3589900c06a5220280ed9afa6de7c9115c36ab22cb7f,L2-Hys,true,huber,2,5,95,0.001,500,,median of 3 noisy gradient-plus-HOG runs; solver setup and clean-reference computation excluded
gaussian_parameter_sensitivity,Direct squared loss,1,Gaussian SNR 20 dB,20,19.9753214656,42,Images/cameraman.png,256,256,3,8,3,16,224,224,0.770384913427,0.385622039876,0.925647821183,0.226697799997,0.226697799997,0.228293700013,0.223639200005,3,1,24.7318969361,true,1242730848b41dfb506e3589900c06a5220280ed9afa6de7c9115c36ab22cb7f,L2-Hys,true,huber,2,5,95,0.001,500,,median of 3 noisy gradient-plus-HOG runs; solver setup and clean-reference computation excluded
gaussian_parameter_sensitivity,Direct squared loss,1,Gaussian SNR 20 dB,20,19.9753214656,42,Images/cameraman.png,256,256,3,8,4,16,224,224,0.572699544915,0.389602213213,0.924105057732,0.225409400009,0.222819400005,0.225409400009,0.227301999999,3,1,28.2152944336,true,1242730848b41dfb506e3589900c06a5220280ed9afa6de7c9115c36ab22cb7f,L2-Hys,true,huber,2,5,95,0.001,500,,median of 3 noisy gradient-plus-HOG runs; solver setup and clean-reference computation excluded
gaussian_parameter_sensitivity,Iterative squared loss,2,Gaussian SNR 20 dB,20,19.9753214656,42,Images/cameraman.png,256,256,3,4,1,16,224,224,7.70682379308,0.390046249071,0.923931961795,0.654745199994,0.6774381,0.649653799992,0.654745199994,3,29,6.54035092507,true,1242730848b41dfb506e3589900c06a5220280ed9afa6de7c9115c36ab22cb7f,L2-Hys,true,huber,2,5,95,0.001,500,,median of 3 noisy gradient-plus-HOG runs; solver setup and clean-reference computation excluded
gaussian_parameter_sensitivity,Iterative squared loss,2,Gaussian SNR 20 dB,20,19.9753214656,42,Images/cameraman.png,256,256,3,8,1,16,224,224,2.34196233838,0.352323859769,0.93793394892,0.926681199999,0.883040000001,0.926681199999,0.970498099996,3,41,13.4834600444,true,1242730848b41dfb506e3589900c06a5220280ed9afa6de7c9115c36ab22cb7f,L2-Hys,true,huber,2,5,95,0.001,500,,median of 3 noisy gradient-plus-HOG runs; solver setup and clean-reference computation excluded
gaussian_parameter_sensitivity,Iterative squared loss,2,Gaussian SNR 20 dB,20,19.9753214656,42,Images/cameraman.png,256,256,3,16,1,16,224,224,0.833831779619,0.364418867345,0.933599444563,1.0376489,1.01970189999,1.04265800001,1.0376489,3,39,20.1938594908,true,1242730848b41dfb506e3589900c06a5220280ed9afa6de7c9115c36ab22cb7f,L2-Hys,true,huber,2,5,95,0.001,500,,median of 3 noisy gradient-plus-HOG runs; solver setup and clean-reference computation excluded
gaussian_parameter_sensitivity,Iterative squared loss,2,Gaussian SNR 20 dB,20,19.9753214656,42,Images/cameraman.png,256,256,3,32,1,16,224,224,0.293831145306,0.367337256361,0.932531670046,1.4807463,1.4710188,1.4807463,1.48417509999,3,39,28.0155291088,true,1242730848b41dfb506e3589900c06a5220280ed9afa6de7c9115c36ab22cb7f,L2-Hys,true,huber,2,5,95,0.001,500,,median of 3 noisy gradient-plus-HOG runs; solver setup and clean-reference computation excluded
gaussian_parameter_sensitivity,Iterative squared loss,2,Gaussian SNR 20 dB,20,19.9753214656,42,Images/cameraman.png,256,256,3,8,2,16,224,224,1.14456674654,0.372615937894,0.930578681415,0.931547300002,1.0115053,0.928709699991,0.931547300002,3,41,20.4557395445,true,1242730848b41dfb506e3589900c06a5220280ed9afa6de7c9115c36ab22cb7f,L2-Hys,true,huber,2,5,95,0.001,500,,median of 3 noisy gradient-plus-HOG runs; solver setup and clean-reference computation excluded
gaussian_parameter_sensitivity,Iterative squared loss,2,Gaussian SNR 20 dB,20,19.9753214656,42,Images/cameraman.png,256,256,3,8,3,16,224,224,0.747338825771,0.386677050952,0.925240429135,0.879329000003,0.866162799997,0.884357100003,0.879329000003,3,41,24.7361742746,true,1242730848b41dfb506e3589900c06a5220280ed9afa6de7c9115c36ab22cb7f,L2-Hys,true,huber,2,5,95,0.001,500,,median of 3 noisy gradient-plus-HOG runs; solver setup and clean-reference computation excluded
gaussian_parameter_sensitivity,Iterative squared loss,2,Gaussian SNR 20 dB,20,19.9753214656,42,Images/cameraman.png,256,256,3,8,4,16,224,224,0.555591202121,0.390605669513,0.923713605474,0.835126999998,0.827842400002,0.872817699987,0.835126999998,3,41,28.2196974219,true,1242730848b41dfb506e3589900c06a5220280ed9afa6de7c9115c36ab22cb7f,L2-Hys,true,huber,2,5,95,0.001,500,,median of 3 noisy gradient-plus-HOG runs; solver setup and clean-reference computation excluded
gaussian_parameter_sensitivity,Correntropy loss,3,Gaussian SNR 20 dB,20,19.9753214656,42,Images/cameraman.png,256,256,3,4,1,16,224,224,7.07730707289,0.389503878678,0.92414336425,0.455845500008,0.460358299999,0.444118700005,0.455845500008,3,3,6.50477441587,true,1242730848b41dfb506e3589900c06a5220280ed9afa6de7c9115c36ab22cb7f,L2-Hys,true,huber,2,5,95,0.001,500,,median of 3 noisy gradient-plus-HOG runs; solver setup and clean-reference computation excluded
gaussian_parameter_sensitivity,Correntropy loss,3,Gaussian SNR 20 dB,20,19.9753214656,42,Images/cameraman.png,256,256,3,8,1,16,224,224,3.02321871969,0.358112557538,0.935877698068,26.0978224,25.9353241,26.0978224,26.1007129,3,433,13.6751981134,true,1242730848b41dfb506e3589900c06a5220280ed9afa6de7c9115c36ab22cb7f,L2-Hys,true,huber,2,5,95,0.001,500,,median of 3 noisy gradient-plus-HOG runs; solver setup and clean-reference computation excluded
gaussian_parameter_sensitivity,Correntropy loss,3,Gaussian SNR 20 dB,20,19.9753214656,42,Images/cameraman.png,256,256,3,16,1,16,224,224,1.16994978303,0.368757828428,0.932008831988,21.9467126,22.9416396,21.9467126,21.87412,3,289,20.737716338,true,1242730848b41dfb506e3589900c06a5220280ed9afa6de7c9115c36ab22cb7f,L2-Hys,true,huber,2,5,95,0.001,500,,median of 3 noisy gradient-plus-HOG runs; solver setup and clean-reference computation excluded
gaussian_parameter_sensitivity,Correntropy loss,3,Gaussian SNR 20 dB,20,19.9753214656,42,Images/cameraman.png,256,256,3,32,1,16,224,224,0.491083436567,0.394188953007,0.922307534665,21.4968437,21.5843719,21.4968437,21.0853361,3,186,28.6639204447,true,1242730848b41dfb506e3589900c06a5220280ed9afa6de7c9115c36ab22cb7f,L2-Hys,true,huber,2,5,95,0.001,500,,median of 3 noisy gradient-plus-HOG runs; solver setup and clean-reference computation excluded
gaussian_parameter_sensitivity,Correntropy loss,3,Gaussian SNR 20 dB,20,19.9753214656,42,Images/cameraman.png,256,256,3,8,2,16,224,224,1.83382157712,0.373412440731,0.930281574556,16.1450265,16.1649206,16.098352,16.1450265,3,312,20.8147991556,true,1242730848b41dfb506e3589900c06a5220280ed9afa6de7c9115c36ab22cb7f,L2-Hys,true,huber,2,5,95,0.001,500,,median of 3 noisy gradient-plus-HOG runs; solver setup and clean-reference computation excluded
gaussian_parameter_sensitivity,Correntropy loss,3,Gaussian SNR 20 dB,20,19.9753214656,42,Images/cameraman.png,256,256,3,8,3,16,224,224,1.19961756799,0.389504728348,0.924143033299,16.3085509,15.9582402,16.3085509,17.9228933,3,269,25.1541294782,true,1242730848b41dfb506e3589900c06a5220280ed9afa6de7c9115c36ab22cb7f,L2-Hys,true,huber,2,5,95,0.001,500,,median of 3 noisy gradient-plus-HOG runs; solver setup and clean-reference computation excluded
gaussian_parameter_sensitivity,Correntropy loss,3,Gaussian SNR 20 dB,20,19.9753214656,42,Images/cameraman.png,256,256,3,8,4,16,224,224,1.0343707952,0.395742914293,0.921693772896,17.6472856,17.6472856,18.1859257,17.4640477,3,298,28.7189026558,true,1242730848b41dfb506e3589900c06a5220280ed9afa6de7c9115c36ab22cb7f,L2-Hys,true,huber,2,5,95,0.001,500,,median of 3 noisy gradient-plus-HOG runs; solver setup and clean-reference computation excluded
gaussian_parameter_sensitivity,Direct squared loss,1,Gaussian SNR 10 dB,10,9.97532146562,42,Images/cameraman.png,256,256,3,4,1,16,224,224,24.5111282501,0.513565932379,0.868125016556,0.223851199989,0.225093599991,0.223851199989,0.221596799995,3,1,15.5998515425,true,1ecf6020e5cc133ba35921be3df5c7a5658f32fd054c826fb61b24e65506eb3a,L2-Hys,true,huber,2,5,95,0.001,500,,median of 3 noisy gradient-plus-HOG runs; solver setup and clean-reference computation excluded
gaussian_parameter_sensitivity,Direct squared loss,1,Gaussian SNR 10 dB,10,9.97532146562,42,Images/cameraman.png,256,256,3,8,1,16,224,224,8.34303013349,0.481039629556,0.884300437403,0.230803800005,0.230803800005,0.227652800007,0.232448999988,3,1,23.8346446541,true,1ecf6020e5cc133ba35921be3df5c7a5658f32fd054c826fb61b24e65506eb3a,L2-Hys,true,huber,2,5,95,0.001,500,,median of 3 noisy gradient-plus-HOG runs; solver setup and clean-reference computation excluded
gaussian_parameter_sensitivity,Direct squared loss,1,Gaussian SNR 10 dB,10,9.97532146562,42,Images/cameraman.png,256,256,3,16,1,16,224,224,2.94882532031,0.488539337198,0.88066465801,0.26809730001,0.2538374,0.274886700005,0.26809730001,3,1,29.7664351153,true,1ecf6020e5cc133ba35921be3df5c7a5658f32fd054c826fb61b24e65506eb3a,L2-Hys,true,huber,2,5,95,0.001,500,,median of 3 noisy gradient-plus-HOG runs; solver setup and clean-reference computation excluded
gaussian_parameter_sensitivity,Direct squared loss,1,Gaussian SNR 10 dB,10,9.97532146562,42,Images/cameraman.png,256,256,3,32,1,16,224,224,1.01845178492,0.517690184934,0.865998436217,0.31032189999,0.31032189999,0.3100022,0.312035900002,3,1,36.2000492248,true,1ecf6020e5cc133ba35921be3df5c7a5658f32fd054c826fb61b24e65506eb3a,L2-Hys,true,huber,2,5,95,0.001,500,,median of 3 noisy gradient-plus-HOG runs; solver setup and clean-reference computation excluded
gaussian_parameter_sensitivity,Direct squared loss,1,Gaussian SNR 10 dB,10,9.97532146562,42,Images/cameraman.png,256,256,3,8,2,16,224,224,4.04659426057,0.495642599409,0.877169206831,0.236909399988,0.236909399988,0.237935199999,0.2355905,3,1,28.3916204775,true,1ecf6020e5cc133ba35921be3df5c7a5658f32fd054c826fb61b24e65506eb3a,L2-Hys,true,huber,2,5,95,0.001,500,,median of 3 noisy gradient-plus-HOG runs; solver setup and clean-reference computation excluded
gaussian_parameter_sensitivity,Direct squared loss,1,Gaussian SNR 10 dB,10,9.97532146562,42,Images/cameraman.png,256,256,3,8,3,16,224,224,2.63570735318,0.516668583888,0.866526787218,0.231530500008,0.228445500004,0.231530500008,0.236568499997,3,1,31.6901420498,true,1ecf6020e5cc133ba35921be3df5c7a5658f32fd054c826fb61b24e65506eb3a,L2-Hys,true,huber,2,5,95,0.001,500,,median of 3 noisy gradient-plus-HOG runs; solver setup and clean-reference computation excluded
gaussian_parameter_sensitivity,Direct squared loss,1,Gaussian SNR 10 dB,10,9.97532146562,42,Images/cameraman.png,256,256,3,8,4,16,224,224,1.945243576,0.527636629046,0.860799793851,0.2315982,0.228117800012,0.2315982,0.232077799999,3,1,34.4564216841,true,1ecf6020e5cc133ba35921be3df5c7a5658f32fd054c826fb61b24e65506eb3a,L2-Hys,true,huber,2,5,95,0.001,500,,median of 3 noisy gradient-plus-HOG runs; solver setup and clean-reference computation excluded
gaussian_parameter_sensitivity,Iterative squared loss,2,Gaussian SNR 10 dB,10,9.97532146562,42,Images/cameraman.png,256,256,3,4,1,16,224,224,26.6911427221,0.513805387369,0.868002011961,0.698864000005,0.677662100003,0.698864000005,0.730308700004,3,29,15.6408533026,true,1ecf6020e5cc133ba35921be3df5c7a5658f32fd054c826fb61b24e65506eb3a,L2-Hys,true,huber,2,5,95,0.001,500,,median of 3 noisy gradient-plus-HOG runs; solver setup and clean-reference computation excluded
gaussian_parameter_sensitivity,Iterative squared loss,2,Gaussian SNR 10 dB,10,9.97532146562,42,Images/cameraman.png,256,256,3,8,1,16,224,224,8.09703712273,0.480362494522,0.884625936934,0.926666300002,0.929250500005,0.911110699992,0.926666300002,3,41,23.8375126162,true,1ecf6020e5cc133ba35921be3df5c7a5658f32fd054c826fb61b24e65506eb3a,L2-Hys,true,huber,2,5,95,0.001,500,,median of 3 noisy gradient-plus-HOG runs; solver setup and clean-reference computation excluded
gaussian_parameter_sensitivity,Iterative squared loss,2,Gaussian SNR 10 dB,10,9.97532146562,42,Images/cameraman.png,256,256,3,16,1,16,224,224,2.86401947554,0.489086377632,0.880397257612,1.0989597,1.07427110001,1.21243680001,1.0989597,3,39,29.7689989224,true,1ecf6020e5cc133ba35921be3df5c7a5658f32fd054c826fb61b24e65506eb3a,L2-Hys,true,huber,2,5,95,0.001,500,,median of 3 noisy gradient-plus-HOG runs; solver setup and clean-reference computation excluded
gaussian_parameter_sensitivity,Iterative squared loss,2,Gaussian SNR 10 dB,10,9.97532146562,42,Images/cameraman.png,256,256,3,32,1,16,224,224,0.989121206824,0.518233398676,0.865717072253,1.53018669999,1.54303269999,1.53018669999,1.4963359,3,39,36.2028016688,true,1ecf6020e5cc133ba35921be3df5c7a5658f32fd054c826fb61b24e65506eb3a,L2-Hys,true,huber,2,5,95,0.001,500,,median of 3 noisy gradient-plus-HOG runs; solver setup and clean-reference computation excluded
gaussian_parameter_sensitivity,Iterative squared loss,2,Gaussian SNR 10 dB,10,9.97532146562,42,Images/cameraman.png,256,256,3,8,2,16,224,224,3.92730997547,0.496547217102,0.8767204306,0.890407800005,0.881455700001,0.890407800005,0.9023265,3,41,28.3951491847,true,1ecf6020e5cc133ba35921be3df5c7a5658f32fd054c826fb61b24e65506eb3a,L2-Hys,true,huber,2,5,95,0.001,500,,median of 3 noisy gradient-plus-HOG runs; solver setup and clean-reference computation excluded
gaussian_parameter_sensitivity,Iterative squared loss,2,Gaussian SNR 10 dB,10,9.97532146562,42,Images/cameraman.png,256,256,3,8,3,16,224,224,2.557319325,0.517237172738,0.866232853575,0.873890899995,0.873890899995,0.878615900001,0.852167100005,3,41,31.6942112553,true,1ecf6020e5cc133ba35921be3df5c7a5658f32fd054c826fb61b24e65506eb3a,L2-Hys,true,huber,2,5,95,0.001,500,,median of 3 noisy gradient-plus-HOG runs; solver setup and clean-reference computation excluded
gaussian_parameter_sensitivity,Iterative squared loss,2,Gaussian SNR 10 dB,10,9.97532146562,42,Images/cameraman.png,256,256,3,8,4,16,224,224,1.88741902591,0.528743049744,0.860215393681,0.817987999995,0.817987999995,0.818843300003,0.816469600002,3,41,34.4606978733,true,1ecf6020e5cc133ba35921be3df5c7a5658f32fd054c826fb61b24e65506eb3a,L2-Hys,true,huber,2,5,95,0.001,500,,median of 3 noisy gradient-plus-HOG runs; solver setup and clean-reference computation excluded
gaussian_parameter_sensitivity,Correntropy loss,3,Gaussian SNR 10 dB,10,9.97532146562,42,Images/cameraman.png,256,256,3,4,1,16,224,224,24.5111282397,0.513565932378,0.868125016557,0.44256689999,0.440547199993,0.44256689999,0.451431699999,3,3,15.6030272634,true,1ecf6020e5cc133ba35921be3df5c7a5658f32fd054c826fb61b24e65506eb3a,L2-Hys,true,huber,2,5,95,0.001,500,,median of 3 noisy gradient-plus-HOG runs; solver setup and clean-reference computation excluded
gaussian_parameter_sensitivity,Correntropy loss,3,Gaussian SNR 10 dB,10,9.97532146562,42,Images/cameraman.png,256,256,3,8,1,16,224,224,9.36175592856,0.484530179238,0.882615252709,25.4238907,25.377728,25.4238907,26.5972103,3,500,24.218209216,false,1ecf6020e5cc133ba35921be3df5c7a5658f32fd054c826fb61b24e65506eb3a,L2-Hys,true,huber,2,5,95,0.001,500,,median of 3 noisy gradient-plus-HOG runs; solver setup and clean-reference computation excluded
gaussian_parameter_sensitivity,Correntropy loss,3,Gaussian SNR 10 dB,10,9.97532146562,42,Images/cameraman.png,256,256,3,16,1,16,224,224,3.36628025356,0.484747395266,0.882509981396,13.8002411,13.8002411,13.8196549,13.7311548,3,154,30.1120167722,true,1ecf6020e5cc133ba35921be3df5c7a5658f32fd054c826fb61b24e65506eb3a,L2-Hys,true,huber,2,5,95,0.001,500,,median of 3 noisy gradient-plus-HOG runs; solver setup and clean-reference computation excluded
gaussian_parameter_sensitivity,Correntropy loss,3,Gaussian SNR 10 dB,10,9.97532146562,42,Images/cameraman.png,256,256,3,32,1,16,224,224,1.30556755556,0.531510186919,0.858748460607,12.2533534,12.0861177,12.2895905,12.2533534,3,107,36.4575712963,true,1ecf6020e5cc133ba35921be3df5c7a5658f32fd054c826fb61b24e65506eb3a,L2-Hys,true,huber,2,5,95,0.001,500,,median of 3 noisy gradient-plus-HOG runs; solver setup and clean-reference computation excluded
gaussian_parameter_sensitivity,Correntropy loss,3,Gaussian SNR 10 dB,10,9.97532146562,42,Images/cameraman.png,256,256,3,8,2,16,224,224,4.75105352704,0.49336602801,0.878294981209,12.1714548,12.1714548,12.1235357,12.2196805,3,220,28.8180690983,true,1ecf6020e5cc133ba35921be3df5c7a5658f32fd054c826fb61b24e65506eb3a,L2-Hys,true,huber,2,5,95,0.001,500,,median of 3 noisy gradient-plus-HOG runs; solver setup and clean-reference computation excluded
gaussian_parameter_sensitivity,Correntropy loss,3,Gaussian SNR 10 dB,10,9.97532146562,42,Images/cameraman.png,256,256,3,8,3,16,224,224,3.14797740368,0.51542626335,0.86716788353,11.356756,11.4214506,11.276098,11.356756,3,227,32.1665778045,true,1ecf6020e5cc133ba35921be3df5c7a5658f32fd054c826fb61b24e65506eb3a,L2-Hys,true,huber,2,5,95,0.001,500,,median of 3 noisy gradient-plus-HOG runs; solver setup and clean-reference computation excluded
gaussian_parameter_sensitivity,Correntropy loss,3,Gaussian SNR 10 dB,10,9.97532146562,42,Images/cameraman.png,256,256,3,8,4,16,224,224,2.40572962243,0.525035443682,0.862168891446,13.052036,13.1461891,13.0366412,13.052036,3,245,34.9575008279,true,1ecf6020e5cc133ba35921be3df5c7a5658f32fd054c826fb61b24e65506eb3a,L2-Hys,true,huber,2,5,95,0.001,500,,median of 3 noisy gradient-plus-HOG runs; solver setup and clean-reference computation excluded
