image_size,n,h,polynomial_order,algorithm,algorithm_name,noise_scenario,seed,runtime_median,runtime_q1,runtime_q3,runtime_min,runtime_max,runtime_repeats,median_iteration_count,all_converged,common_pad
64,4,1,3,1,Direct squared loss,saltpepper_10,42,0.00663699999859,0.00607314999797,0.00666515000193,0.00550929999736,0.00669330000528,3,1,true,16
128,4,1,3,1,Direct squared loss,saltpepper_10,42,0.0422695000016,0.0422388500011,0.0428596999991,0.0422082000005,0.0434498999966,3,1,true,16
192,4,1,3,1,Direct squared loss,saltpepper_10,42,0.1162396,0.116047700001,0.116762150007,0.115855800002,0.117284700013,3,1,true,16
256,4,1,3,1,Direct squared loss,saltpepper_10,42,0.232980400004,0.232629600003,0.234684449999,0.232278800002,0.236388499994,3,1,true,16
64,8,1,3,1,Direct squared loss,saltpepper_10,42,0.0069943999988,0.00647130000289,0.00703870000143,0.00594820000697,0.00708300000406,3,1,true,16
128,8,1,3,1,Direct squared loss,saltpepper_10,42,0.0463955000014,0.045546500005,0.0467559000026,0.0446975000086,0.0471163000038,3,1,true,16
192,8,1,3,1,Direct squared loss,saltpepper_10,42,0.123915899996,0.123063449995,0.126252899994,0.122210999994,0.128589899992,3,1,true,16
256,8,1,3,1,Direct squared loss,saltpepper_10,42,0.244798900007,0.244568750008,0.245656850006,0.244338600009,0.246514800005,3,1,true,16
64,16,1,3,1,Direct squared loss,saltpepper_10,42,0.00630249999813,0.00607355000102,0.00632045000384,0.00584460000391,0.00633840000955,3,1,true,16
128,16,1,3,1,Direct squared loss,saltpepper_10,42,0.0519869999989,0.0518357000037,0.0522732999962,0.0516844000085,0.0525595999934,3,1,true,16
192,16,1,3,1,Direct squared loss,saltpepper_10,42,0.140042600004,0.13900725,0.1402409,0.137971899996,0.140439199997,3,1,true,16
256,16,1,3,1,Direct squared loss,saltpepper_10,42,0.267351399991,0.26606835,0.268477549995,0.264785300009,0.269603699999,3,1,true,16
64,32,1,3,1,Direct squared loss,saltpepper_10,42,0.00622890000523,0.00621525000315,0.00627805000113,0.00620160000108,0.00632719999703,3,1,true,16
128,32,1,3,1,Direct squared loss,saltpepper_10,42,0.0560819999955,0.0549843499976,0.0566691999993,0.0538866999996,0.0572564000031,3,1,true,16
192,32,1,3,1,Direct squared loss,saltpepper_10,42,0.160988000003,0.157700150004,0.186317100001,0.154412300006,0.211646199998,3,1,true,16
256,32,1,3,1,Direct squared loss,saltpepper_10,42,0.3282626,0.324246750002,0.329504449998,0.320230900004,0.330746299995,3,1,true,16
64,4,1,3,2,Iterative squared loss,saltpepper_10,42,0.0193671000015,0.0187676500063,0.0194335000051,0.0181682000111,0.0194999000087,3,29,true,16
128,4,1,3,2,Iterative squared loss,saltpepper_10,42,0.0947142999939,0.094146149997,0.0947907500013,0.093578,0.0948672000086,3,29,true,16
192,4,1,3,2,Iterative squared loss,saltpepper_10,42,0.295376599999,0.294130399998,0.29576755,0.292884199996,0.296158500001,3,29,true,16
256,4,1,3,2,Iterative squared loss,saltpepper_10,42,0.711423100001,0.711148850001,0.716290649994,0.710874600001,0.721158199987,3,29,true,16
64,8,1,3,2,Iterative squared loss,saltpepper_10,42,0.0252332999953,0.0248734999986,0.0255493999939,0.024513700002,0.0258654999925,3,41,true,16
128,8,1,3,2,Iterative squared loss,saltpepper_10,42,0.165853999992,0.165264049996,0.168485799993,0.1646741,0.171117599995,3,41,true,16
192,8,1,3,2,Iterative squared loss,saltpepper_10,42,0.401361100012,0.398458800002,0.420598750003,0.395556499992,0.439836399994,3,41,true,16
256,8,1,3,2,Iterative squared loss,saltpepper_10,42,1.0077997,1.00670394999,1.009583,1.00560819999,1.01136629999,3,41,true,16
64,16,1,3,2,Iterative squared loss,saltpepper_10,42,0.0225839999912,0.0224095000012,0.0233277500011,0.0222350000113,0.0240715000109,3,39,true,16
128,16,1,3,2,Iterative squared loss,saltpepper_10,42,0.19630560001,0.194036550005,0.206650250002,0.1917675,0.216994899994,3,39,true,16
192,16,1,3,2,Iterative squared loss,saltpepper_10,42,0.509468100005,0.492190550002,0.518354100001,0.474912999998,0.527240099997,3,39,true,16
256,16,1,3,2,Iterative squared loss,saltpepper_10,42,1.15729090001,1.14496360001,1.16233,1.1326363,1.1673691,3,39,true,16
64,32,1,3,2,Iterative squared loss,saltpepper_10,42,0.0175182999956,0.0173830499989,0.0179742499968,0.0172478000022,0.018430199998,3,39,true,16
128,32,1,3,2,Iterative squared loss,saltpepper_10,42,0.255344799996,0.25505575,0.26575115,0.254766700004,0.276157500004,3,39,true,16
192,32,1,3,2,Iterative squared loss,saltpepper_10,42,0.686688999995,0.680590600001,0.699064100001,0.674492200007,0.711439200008,3,39,true,16
256,32,1,3,2,Iterative squared loss,saltpepper_10,42,1.6412256,1.62166770001,1.65062865,1.60210980001,1.6600317,3,39,true,16
64,4,1,3,3,Correntropy loss,saltpepper_10,42,0.0177037000103,0.0174488500052,0.0186337500054,0.017194,0.0195638000005,3,3,true,16
128,4,1,3,3,Correntropy loss,saltpepper_10,42,0.0929825000057,0.0927071500046,0.0960985000056,0.0924318000034,0.0992145000055,3,3,true,16
192,4,1,3,3,Correntropy loss,saltpepper_10,42,0.246108199994,0.244010699993,0.247218049997,0.241913199992,0.248327900001,3,3,true,16
256,4,1,3,3,Correntropy loss,saltpepper_10,42,0.453598800013,0.452444250004,0.459806050006,0.451289699995,0.4660133,3,3,true,16
64,8,1,3,3,Correntropy loss,saltpepper_10,42,0.178488599995,0.177381649999,0.180398600001,0.176274700003,0.182308600008,3,58,true,16
128,8,1,3,3,Correntropy loss,saltpepper_10,42,1.8749637,1.87187105,1.9949675,1.86877840001,2.1149713,3,167,true,16
192,8,1,3,3,Correntropy loss,saltpepper_10,42,6.584308,6.56985065,6.58805845,6.5553933,6.5918089,3,163,true,16
256,8,1,3,3,Correntropy loss,saltpepper_10,42,22.9983407,22.956549,22.9983513,22.9147573,22.9983619,3,313,true,16
64,16,1,3,3,Correntropy loss,saltpepper_10,42,0.205375300007,0.204391749997,0.2062773,0.203408199988,0.207179299992,3,79,true,16
128,16,1,3,3,Correntropy loss,saltpepper_10,42,3.4251733,3.42049045,3.43110975,3.4158076,3.43704619999,3,196,true,16
192,16,1,3,3,Correntropy loss,saltpepper_10,42,7.3326651,7.3136739,7.35113165,7.2946827,7.36959819999,3,164,true,16
256,16,1,3,3,Correntropy loss,saltpepper_10,42,19.4515207,19.44160015,20.15722065,19.4316796,20.8629206,3,225,true,16
64,32,1,3,3,Correntropy loss,saltpepper_10,42,0.0981930999988,0.0977005499954,0.0986487499977,0.097207999992,0.0991043999966,3,43,true,16
128,32,1,3,3,Correntropy loss,saltpepper_10,42,3.31767470001,3.3163785,3.32782940001,3.3150823,3.3379841,3,166,true,16
192,32,1,3,3,Correntropy loss,saltpepper_10,42,9.466549,9.46478285,9.48286694999,9.4630167,9.49918489999,3,184,true,16
256,32,1,3,3,Correntropy loss,saltpepper_10,42,28.0812256,28.047097,28.094121,28.0129684,28.1070164,3,246,true,16
