image_size,n,h,polynomial_order,algorithm,algorithm_name,noise_scenario,seed,repeat,runtime,iteration_count,final_residual,converged,common_pad
64,4,1,3,1,Direct squared loss,saltpepper_10,42,1,0.00669330000528,1,36.0199787991,true,16
64,4,1,3,1,Direct squared loss,saltpepper_10,42,2,0.00663699999859,1,36.0199787991,true,16
64,4,1,3,1,Direct squared loss,saltpepper_10,42,3,0.00550929999736,1,36.0199787991,true,16
128,4,1,3,1,Direct squared loss,saltpepper_10,42,1,0.0434498999966,1,34.1994146816,true,16
128,4,1,3,1,Direct squared loss,saltpepper_10,42,2,0.0422082000005,1,34.1994146816,true,16
128,4,1,3,1,Direct squared loss,saltpepper_10,42,3,0.0422695000016,1,34.1994146816,true,16
192,4,1,3,1,Direct squared loss,saltpepper_10,42,1,0.1162396,1,33.1699380345,true,16
192,4,1,3,1,Direct squared loss,saltpepper_10,42,2,0.117284700013,1,33.1699380345,true,16
192,4,1,3,1,Direct squared loss,saltpepper_10,42,3,0.115855800002,1,33.1699380345,true,16
256,4,1,3,1,Direct squared loss,saltpepper_10,42,1,0.232278800002,1,33.0281970021,true,16
256,4,1,3,1,Direct squared loss,saltpepper_10,42,2,0.236388499994,1,33.0281970021,true,16
256,4,1,3,1,Direct squared loss,saltpepper_10,42,3,0.232980400004,1,33.0281970021,true,16
64,8,1,3,1,Direct squared loss,saltpepper_10,42,1,0.00594820000697,1,51.3165556614,true,16
64,8,1,3,1,Direct squared loss,saltpepper_10,42,2,0.00708300000406,1,51.3165556614,true,16
64,8,1,3,1,Direct squared loss,saltpepper_10,42,3,0.0069943999988,1,51.3165556614,true,16
128,8,1,3,1,Direct squared loss,saltpepper_10,42,1,0.0471163000038,1,48.6454339226,true,16
128,8,1,3,1,Direct squared loss,saltpepper_10,42,2,0.0463955000014,1,48.6454339226,true,16
128,8,1,3,1,Direct squared loss,saltpepper_10,42,3,0.0446975000086,1,48.6454339226,true,16
192,8,1,3,1,Direct squared loss,saltpepper_10,42,1,0.128589899992,1,46.819797124,true,16
192,8,1,3,1,Direct squared loss,saltpepper_10,42,2,0.123915899996,1,46.819797124,true,16
192,8,1,3,1,Direct squared loss,saltpepper_10,42,3,0.122210999994,1,46.819797124,true,16
256,8,1,3,1,Direct squared loss,saltpepper_10,42,1,0.246514800005,1,46.5280882154,true,16
256,8,1,3,1,Direct squared loss,saltpepper_10,42,2,0.244798900007,1,46.5280882154,true,16
256,8,1,3,1,Direct squared loss,saltpepper_10,42,3,0.244338600009,1,46.5280882154,true,16
64,16,1,3,1,Direct squared loss,saltpepper_10,42,1,0.00633840000955,1,61.2321807441,true,16
64,16,1,3,1,Direct squared loss,saltpepper_10,42,2,0.00630249999813,1,61.2321807441,true,16
64,16,1,3,1,Direct squared loss,saltpepper_10,42,3,0.00584460000391,1,61.2321807441,true,16
128,16,1,3,1,Direct squared loss,saltpepper_10,42,1,0.0519869999989,1,56.7526423567,true,16
128,16,1,3,1,Direct squared loss,saltpepper_10,42,2,0.0516844000085,1,56.7526423567,true,16
128,16,1,3,1,Direct squared loss,saltpepper_10,42,3,0.0525595999934,1,56.7526423567,true,16
192,16,1,3,1,Direct squared loss,saltpepper_10,42,1,0.140042600004,1,53.5060861314,true,16
192,16,1,3,1,Direct squared loss,saltpepper_10,42,2,0.137971899996,1,53.5060861314,true,16
192,16,1,3,1,Direct squared loss,saltpepper_10,42,3,0.140439199997,1,53.5060861314,true,16
256,16,1,3,1,Direct squared loss,saltpepper_10,42,1,0.264785300009,1,52.9483091502,true,16
256,16,1,3,1,Direct squared loss,saltpepper_10,42,2,0.267351399991,1,52.9483091502,true,16
256,16,1,3,1,Direct squared loss,saltpepper_10,42,3,0.269603699999,1,52.9483091502,true,16
64,32,1,3,1,Direct squared loss,saltpepper_10,42,1,0.00620160000108,1,66.580323556,true,16
64,32,1,3,1,Direct squared loss,saltpepper_10,42,2,0.00622890000523,1,66.580323556,true,16
64,32,1,3,1,Direct squared loss,saltpepper_10,42,3,0.00632719999703,1,66.580323556,true,16
128,32,1,3,1,Direct squared loss,saltpepper_10,42,1,0.0572564000031,1,63.0643694992,true,16
128,32,1,3,1,Direct squared loss,saltpepper_10,42,2,0.0560819999955,1,63.0643694992,true,16
128,32,1,3,1,Direct squared loss,saltpepper_10,42,3,0.0538866999996,1,63.0643694992,true,16
192,32,1,3,1,Direct squared loss,saltpepper_10,42,1,0.154412300006,1,59.0437526841,true,16
192,32,1,3,1,Direct squared loss,saltpepper_10,42,2,0.211646199998,1,59.0437526841,true,16
192,32,1,3,1,Direct squared loss,saltpepper_10,42,3,0.160988000003,1,59.0437526841,true,16
256,32,1,3,1,Direct squared loss,saltpepper_10,42,1,0.3282626,1,57.6964157518,true,16
256,32,1,3,1,Direct squared loss,saltpepper_10,42,2,0.330746299995,1,57.6964157518,true,16
256,32,1,3,1,Direct squared loss,saltpepper_10,42,3,0.320230900004,1,57.6964157518,true,16
64,4,1,3,2,Iterative squared loss,saltpepper_10,42,1,0.0193671000015,29,36.0975932266,true,16
64,4,1,3,2,Iterative squared loss,saltpepper_10,42,2,0.0194999000087,29,36.0975932266,true,16
64,4,1,3,2,Iterative squared loss,saltpepper_10,42,3,0.0181682000111,29,36.0975932266,true,16
128,4,1,3,2,Iterative squared loss,saltpepper_10,42,1,0.0947142999939,29,34.2734507082,true,16
128,4,1,3,2,Iterative squared loss,saltpepper_10,42,2,0.0948672000086,29,34.2734507082,true,16
128,4,1,3,2,Iterative squared loss,saltpepper_10,42,3,0.093578,29,34.2734507082,true,16
192,4,1,3,2,Iterative squared loss,saltpepper_10,42,1,0.292884199996,29,33.2403996732,true,16
192,4,1,3,2,Iterative squared loss,saltpepper_10,42,2,0.296158500001,29,33.2403996732,true,16
192,4,1,3,2,Iterative squared loss,saltpepper_10,42,3,0.295376599999,29,33.2403996732,true,16
256,4,1,3,2,Iterative squared loss,saltpepper_10,42,1,0.721158199987,29,33.0973097702,true,16
256,4,1,3,2,Iterative squared loss,saltpepper_10,42,2,0.711423100001,29,33.0973097702,true,16
256,4,1,3,2,Iterative squared loss,saltpepper_10,42,3,0.710874600001,29,33.0973097702,true,16
64,8,1,3,2,Iterative squared loss,saltpepper_10,42,1,0.0258654999925,41,51.3211246452,true,16
64,8,1,3,2,Iterative squared loss,saltpepper_10,42,2,0.0252332999953,41,51.3211246452,true,16
64,8,1,3,2,Iterative squared loss,saltpepper_10,42,3,0.024513700002,41,51.3211246452,true,16
128,8,1,3,2,Iterative squared loss,saltpepper_10,42,1,0.171117599995,41,48.6493701687,true,16
128,8,1,3,2,Iterative squared loss,saltpepper_10,42,2,0.1646741,41,48.6493701687,true,16
128,8,1,3,2,Iterative squared loss,saltpepper_10,42,3,0.165853999992,41,48.6493701687,true,16
192,8,1,3,2,Iterative squared loss,saltpepper_10,42,1,0.401361100012,41,46.8231901835,true,16
192,8,1,3,2,Iterative squared loss,saltpepper_10,42,2,0.439836399994,41,46.8231901835,true,16
192,8,1,3,2,Iterative squared loss,saltpepper_10,42,3,0.395556499992,41,46.8231901835,true,16
256,8,1,3,2,Iterative squared loss,saltpepper_10,42,1,1.01136629999,41,46.531379542,true,16
256,8,1,3,2,Iterative squared loss,saltpepper_10,42,2,1.0077997,41,46.531379542,true,16
256,8,1,3,2,Iterative squared loss,saltpepper_10,42,3,1.00560819999,41,46.531379542,true,16
64,16,1,3,2,Iterative squared loss,saltpepper_10,42,1,0.0240715000109,39,61.2348397377,true,16
64,16,1,3,2,Iterative squared loss,saltpepper_10,42,2,0.0222350000113,39,61.2348397377,true,16
64,16,1,3,2,Iterative squared loss,saltpepper_10,42,3,0.0225839999912,39,61.2348397377,true,16
128,16,1,3,2,Iterative squared loss,saltpepper_10,42,1,0.19630560001,39,56.7553593502,true,16
128,16,1,3,2,Iterative squared loss,saltpepper_10,42,2,0.1917675,39,56.7553593502,true,16
128,16,1,3,2,Iterative squared loss,saltpepper_10,42,3,0.216994899994,39,56.7553593502,true,16
192,16,1,3,2,Iterative squared loss,saltpepper_10,42,1,0.474912999998,39,53.5083522013,true,16
192,16,1,3,2,Iterative squared loss,saltpepper_10,42,2,0.509468100005,39,53.5083522013,true,16
192,16,1,3,2,Iterative squared loss,saltpepper_10,42,3,0.527240099997,39,53.5083522013,true,16
256,16,1,3,2,Iterative squared loss,saltpepper_10,42,1,1.15729090001,39,52.950337216,true,16
256,16,1,3,2,Iterative squared loss,saltpepper_10,42,2,1.1326363,39,52.950337216,true,16
256,16,1,3,2,Iterative squared loss,saltpepper_10,42,3,1.1673691,39,52.950337216,true,16
64,32,1,3,2,Iterative squared loss,saltpepper_10,42,1,0.018430199998,39,66.5827727561,true,16
64,32,1,3,2,Iterative squared loss,saltpepper_10,42,2,0.0175182999956,39,66.5827727561,true,16
64,32,1,3,2,Iterative squared loss,saltpepper_10,42,3,0.0172478000022,39,66.5827727561,true,16
128,32,1,3,2,Iterative squared loss,saltpepper_10,42,1,0.254766700004,39,63.0665150774,true,16
128,32,1,3,2,Iterative squared loss,saltpepper_10,42,2,0.255344799996,39,63.0665150774,true,16
128,32,1,3,2,Iterative squared loss,saltpepper_10,42,3,0.276157500004,39,63.0665150774,true,16
192,32,1,3,2,Iterative squared loss,saltpepper_10,42,1,0.674492200007,39,59.0456753775,true,16
192,32,1,3,2,Iterative squared loss,saltpepper_10,42,2,0.686688999995,39,59.0456753775,true,16
192,32,1,3,2,Iterative squared loss,saltpepper_10,42,3,0.711439200008,39,59.0456753775,true,16
256,32,1,3,2,Iterative squared loss,saltpepper_10,42,1,1.6412256,39,57.6982272477,true,16
256,32,1,3,2,Iterative squared loss,saltpepper_10,42,2,1.6600317,39,57.6982272477,true,16
256,32,1,3,2,Iterative squared loss,saltpepper_10,42,3,1.60210980001,39,57.6982272477,true,16
64,4,1,3,3,Correntropy loss,saltpepper_10,42,1,0.0195638000005,3,36.0273115225,true,16
64,4,1,3,3,Correntropy loss,saltpepper_10,42,2,0.017194,3,36.0273115225,true,16
64,4,1,3,3,Correntropy loss,saltpepper_10,42,3,0.0177037000103,3,36.0273115225,true,16
128,4,1,3,3,Correntropy loss,saltpepper_10,42,1,0.0929825000057,3,34.2063767859,true,16
128,4,1,3,3,Correntropy loss,saltpepper_10,42,2,0.0992145000055,3,34.2063767859,true,16
128,4,1,3,3,Correntropy loss,saltpepper_10,42,3,0.0924318000034,3,34.2063767859,true,16
192,4,1,3,3,Correntropy loss,saltpepper_10,42,1,0.241913199992,3,33.1766905643,true,16
192,4,1,3,3,Correntropy loss,saltpepper_10,42,2,0.246108199994,3,33.1766905643,true,16
192,4,1,3,3,Correntropy loss,saltpepper_10,42,3,0.248327900001,3,33.1766905643,true,16
256,4,1,3,3,Correntropy loss,saltpepper_10,42,1,0.453598800013,3,33.0349206772,true,16
256,4,1,3,3,Correntropy loss,saltpepper_10,42,2,0.451289699995,3,33.0349206772,true,16
256,4,1,3,3,Correntropy loss,saltpepper_10,42,3,0.4660133,3,33.0349206772,true,16
64,8,1,3,3,Correntropy loss,saltpepper_10,42,1,0.178488599995,58,52.7246269867,true,16
64,8,1,3,3,Correntropy loss,saltpepper_10,42,2,0.176274700003,58,52.7246269867,true,16
64,8,1,3,3,Correntropy loss,saltpepper_10,42,3,0.182308600008,58,52.7246269867,true,16
128,8,1,3,3,Correntropy loss,saltpepper_10,42,1,2.1149713,167,49.9701890941,true,16
128,8,1,3,3,Correntropy loss,saltpepper_10,42,2,1.8749637,167,49.9701890941,true,16
128,8,1,3,3,Correntropy loss,saltpepper_10,42,3,1.86877840001,167,49.9701890941,true,16
192,8,1,3,3,Correntropy loss,saltpepper_10,42,1,6.584308,163,48.1830440564,true,16
192,8,1,3,3,Correntropy loss,saltpepper_10,42,2,6.5553933,163,48.1830440564,true,16
192,8,1,3,3,Correntropy loss,saltpepper_10,42,3,6.5918089,163,48.1830440564,true,16
256,8,1,3,3,Correntropy loss,saltpepper_10,42,1,22.9983619,313,47.8784255118,true,16
256,8,1,3,3,Correntropy loss,saltpepper_10,42,2,22.9983407,313,47.8784255118,true,16
256,8,1,3,3,Correntropy loss,saltpepper_10,42,3,22.9147573,313,47.8784255118,true,16
64,16,1,3,3,Correntropy loss,saltpepper_10,42,1,0.205375300007,79,63.3818972719,true,16
64,16,1,3,3,Correntropy loss,saltpepper_10,42,2,0.203408199988,79,63.3818972719,true,16
64,16,1,3,3,Correntropy loss,saltpepper_10,42,3,0.207179299992,79,63.3818972719,true,16
128,16,1,3,3,Correntropy loss,saltpepper_10,42,1,3.4251733,196,59.1851410087,true,16
128,16,1,3,3,Correntropy loss,saltpepper_10,42,2,3.43704619999,196,59.1851410087,true,16
128,16,1,3,3,Correntropy loss,saltpepper_10,42,3,3.4158076,196,59.1851410087,true,16
192,16,1,3,3,Correntropy loss,saltpepper_10,42,1,7.36959819999,164,55.9628483701,true,16
192,16,1,3,3,Correntropy loss,saltpepper_10,42,2,7.3326651,164,55.9628483701,true,16
192,16,1,3,3,Correntropy loss,saltpepper_10,42,3,7.2946827,164,55.9628483701,true,16
256,16,1,3,3,Correntropy loss,saltpepper_10,42,1,20.8629206,225,55.4069349611,true,16
256,16,1,3,3,Correntropy loss,saltpepper_10,42,2,19.4316796,225,55.4069349611,true,16
256,16,1,3,3,Correntropy loss,saltpepper_10,42,3,19.4515207,225,55.4069349611,true,16
64,32,1,3,3,Correntropy loss,saltpepper_10,42,1,0.097207999992,43,67.829517684,true,16
64,32,1,3,3,Correntropy loss,saltpepper_10,42,2,0.0991043999966,43,67.829517684,true,16
64,32,1,3,3,Correntropy loss,saltpepper_10,42,3,0.0981930999988,43,67.829517684,true,16
128,32,1,3,3,Correntropy loss,saltpepper_10,42,1,3.3379841,166,64.6545650031,true,16
128,32,1,3,3,Correntropy loss,saltpepper_10,42,2,3.31767470001,166,64.6545650031,true,16
128,32,1,3,3,Correntropy loss,saltpepper_10,42,3,3.3150823,166,64.6545650031,true,16
192,32,1,3,3,Correntropy loss,saltpepper_10,42,1,9.4630167,184,60.7220663832,true,16
192,32,1,3,3,Correntropy loss,saltpepper_10,42,2,9.466549,184,60.7220663832,true,16
192,32,1,3,3,Correntropy loss,saltpepper_10,42,3,9.49918489999,184,60.7220663832,true,16
256,32,1,3,3,Correntropy loss,saltpepper_10,42,1,28.0812256,246,59.3599272303,true,16
256,32,1,3,3,Correntropy loss,saltpepper_10,42,2,28.1070164,246,59.3599272303,true,16
256,32,1,3,3,Correntropy loss,saltpepper_10,42,3,28.0129684,246,59.3599272303,true,16
